state_code,state,capital,region,lat,lon,metric,slope_per_year,slope_per_decade,intercept,method,n_years,first_year,last_year
AC,Acre,Rio Branco,Norte,-9.9747,-67.81,annual_precip_mm,-20.66878048780488,-206.6878048780488,43220.90670731707,theilslopes,46,1981,2026
AC,Acre,Rio Branco,Norte,-9.9747,-67.81,rainy_days_ge_1mm,-1.6470588235294117,-16.470588235294116,3514.382352941176,theilslopes,46,1981,2026
AC,Acre,Rio Branco,Norte,-9.9747,-67.81,heavy_rain_days_ge_20mm,-0.2,-2.0,417.70000000000005,theilslopes,46,1981,2026
AC,Acre,Rio Branco,Norte,-9.9747,-67.81,extreme_rain_days_ge_50mm,0.0,0.0,1.0,theilslopes,46,1981,2026
AC,Acre,Rio Branco,Norte,-9.9747,-67.81,dry_days_lt_1mm,1.3636363636363635,13.636363636363635,-2582.5454545454545,theilslopes,46,1981,2026
AC,Acre,Rio Branco,Norte,-9.9747,-67.81,longest_dry_spell_days,0.17391304347826086,1.7391304347826086,-324.9347826086956,theilslopes,46,1981,2026
AC,Acre,Rio Branco,Norte,-9.9747,-67.81,max_1day_precip_mm,0.022812500000000124,0.22812500000000124,4.4601562499997485,theilslopes,46,1981,2026
AC,Acre,Rio Branco,Norte,-9.9747,-67.81,max_5day_precip_mm,0.03642857142857382,0.3642857142857382,35.06035714285234,theilslopes,46,1981,2026
AC,Acre,Rio Branco,Norte,-9.9747,-67.81,rainfall_concentration,0.0007674802794193308,0.007674802794193308,-1.4777743035417927,theilslopes,46,1981,2026
AC,Acre,Rio Branco,Norte,-9.9747,-67.81,mean_t2m_c,0.04814021619493574,0.4814021619493574,-71.14132040682773,theilslopes,46,1981,2026
AC,Acre,Rio Branco,Norte,-9.9747,-67.81,mean_t2m_max_c,0.06914677103718196,0.6914677103718196,-109.02285519660362,theilslopes,46,1981,2026
AC,Acre,Rio Branco,Norte,-9.9747,-67.81,mean_t2m_min_c,0.03747945205479449,0.37479452054794493,-53.201273710607026,theilslopes,46,1981,2026
AC,Acre,Rio Branco,Norte,-9.9747,-67.81,mean_t2m_range_c,0.03617808219178076,0.3617808219178076,-64.83174657534234,theilslopes,46,1981,2026
AC,Acre,Rio Branco,Norte,-9.9747,-67.81,mean_rh2m_pct,-0.20516609589041135,-2.0516609589041135,496.09977996575424,theilslopes,46,1981,2026
AC,Acre,Rio Branco,Norte,-9.9747,-67.81,mean_solar_kwh_m2_day,0.007250600094817491,0.07250600094817491,2.4904098235895624,theilslopes,43,1984,2026
AC,Acre,Rio Branco,Norte,-9.9747,-67.81,mean_ws10m_m_s,-0.00023168317655181125,-0.0023168317655181125,1.231053956550321,theilslopes,46,1981,2026
AC,Acre,Rio Branco,Norte,-9.9747,-67.81,mean_ws50m_m_s,0.002630898021308984,0.02630898021308984,-3.3291265376650028,theilslopes,46,1981,2026
AC,Acre,Rio Branco,Norte,-9.9747,-67.81,mean_vpd_kpa,0.009206152709889538,0.09206152709889538,-17.9304287402554,theilslopes,46,1981,2026
AL,Alagoas,Maceió,Nordeste,-9.6498,-35.7089,annual_precip_mm,-13.956410256410258,-139.5641025641026,29175.972948717954,theilslopes,46,1981,2026
AL,Alagoas,Maceió,Nordeste,-9.6498,-35.7089,rainy_days_ge_1mm,-1.5357142857142858,-15.357142857142858,3283.8035714285716,theilslopes,46,1981,2026
AL,Alagoas,Maceió,Nordeste,-9.6498,-35.7089,heavy_rain_days_ge_20mm,-0.1,-1.0,207.35000000000002,theilslopes,46,1981,2026
AL,Alagoas,Maceió,Nordeste,-9.6498,-35.7089,extreme_rain_days_ge_50mm,0.0,0.0,0.0,theilslopes,46,1981,2026
AL,Alagoas,Maceió,Nordeste,-9.6498,-35.7089,dry_days_lt_1mm,1.3333333333333333,13.333333333333332,-2513.833333333333,theilslopes,46,1981,2026
AL,Alagoas,Maceió,Nordeste,-9.6498,-35.7089,longest_dry_spell_days,0.1794871794871795,1.794871794871795,-335.1025641025641,theilslopes,46,1981,2026
AL,Alagoas,Maceió,Nordeste,-9.6498,-35.7089,max_1day_precip_mm,0.19571428571428534,1.9571428571428533,-350.21357142857073,theilslopes,46,1981,2026
AL,Alagoas,Maceió,Nordeste,-9.6498,-35.7089,max_5day_precip_mm,-0.3146153846153871,-3.1461538461538705,741.0269230769279,theilslopes,46,1981,2026
AL,Alagoas,Maceió,Nordeste,-9.6498,-35.7089,rainfall_concentration,0.000688526262579971,0.006885262625799709,-1.2951867684744451,theilslopes,46,1981,2026
AL,Alagoas,Maceió,Nordeste,-9.6498,-35.7089,mean_t2m_c,0.025849756959787907,0.25849756959787906,-25.95868669907206,theilslopes,46,1981,2026
AL,Alagoas,Maceió,Nordeste,-9.6498,-35.7089,mean_t2m_max_c,0.033225500526870386,0.3322550052687039,-38.04946898662382,theilslopes,46,1981,2026
AL,Alagoas,Maceió,Nordeste,-9.6498,-35.7089,mean_t2m_min_c,0.0219041095890411,0.219041095890411,-19.87049895201737,theilslopes,46,1981,2026
AL,Alagoas,Maceió,Nordeste,-9.6498,-35.7089,mean_t2m_range_c,0.010506358593041658,0.10506358593041658,-16.616703753607496,theilslopes,46,1981,2026
AL,Alagoas,Maceió,Nordeste,-9.6498,-35.7089,mean_rh2m_pct,-0.052846083788706956,-0.5284608378870695,183.07318366519493,theilslopes,46,1981,2026
AL,Alagoas,Maceió,Nordeste,-9.6498,-35.7089,mean_solar_kwh_m2_day,0.004800546448087317,0.04800546448087317,11.532636612022085,theilslopes,43,1984,2026
AL,Alagoas,Maceió,Nordeste,-9.6498,-35.7089,mean_ws10m_m_s,-0.0012329234972677794,-0.012329234972677794,7.719696473351338,theilslopes,46,1981,2026
AL,Alagoas,Maceió,Nordeste,-9.6498,-35.7089,mean_ws50m_m_s,-0.003972689572572819,-0.039726895725728184,14.520489038101697,theilslopes,46,1981,2026
AL,Alagoas,Maceió,Nordeste,-9.6498,-35.7089,mean_vpd_kpa,0.0028986526822894765,0.028986526822894765,-5.036993576075843,theilslopes,46,1981,2026
AM,Amazonas,Manaus,Norte,-3.119,-60.0217,annual_precip_mm,-13.476363636363699,-134.76363636363698,29156.90954545467,theilslopes,46,1981,2026
AM,Amazonas,Manaus,Norte,-3.119,-60.0217,rainy_days_ge_1mm,-1.6,-16.0,3478.6000000000004,theilslopes,46,1981,2026
AM,Amazonas,Manaus,Norte,-3.119,-60.0217,heavy_rain_days_ge_20mm,-0.03125,-0.3125,79.109375,theilslopes,46,1981,2026
AM,Amazonas,Manaus,Norte,-3.119,-60.0217,extreme_rain_days_ge_50mm,0.0,0.0,0.0,theilslopes,46,1981,2026
AM,Amazonas,Manaus,Norte,-3.119,-60.0217,dry_days_lt_1mm,1.1875,11.875,-2288.65625,theilslopes,46,1981,2026
AM,Amazonas,Manaus,Norte,-3.119,-60.0217,longest_dry_spell_days,0.09523809523809523,0.9523809523809523,-180.3095238095238,theilslopes,46,1981,2026
AM,Amazonas,Manaus,Norte,-3.119,-60.0217,max_1day_precip_mm,0.23449999999999988,2.344999999999999,-423.93574999999976,theilslopes,46,1981,2026
AM,Amazonas,Manaus,Norte,-3.119,-60.0217,max_5day_precip_mm,-0.262857142857142,-2.62857142857142,635.539285714284,theilslopes,46,1981,2026
AM,Amazonas,Manaus,Norte,-3.119,-60.0217,rainfall_concentration,0.00024596239522818873,0.0024596239522818872,-0.4402193164617736,theilslopes,46,1981,2026
AM,Amazonas,Manaus,Norte,-3.119,-60.0217,mean_t2m_c,0.02524846311475415,0.2524846311475415,-23.820813478974948,theilslopes,46,1981,2026
AM,Amazonas,Manaus,Norte,-3.119,-60.0217,mean_t2m_max_c,0.029591976516634082,0.29591976516634083,-29.95201170158166,theilslopes,46,1981,2026
AM,Amazonas,Manaus,Norte,-3.119,-60.0217,mean_t2m_min_c,0.020097716894977087,0.20097716894977086,-15.684321648326808,theilslopes,46,1981,2026
AM,Amazonas,Manaus,Norte,-3.119,-60.0217,mean_t2m_range_c,0.011516811955168104,0.11516811955168105,-18.301877957658746,theilslopes,46,1981,2026
AM,Amazonas,Manaus,Norte,-3.119,-60.0217,mean_rh2m_pct,-0.0535322896281803,-0.5353228962818031,191.85999706457977,theilslopes,46,1981,2026
AM,Amazonas,Manaus,Norte,-3.119,-60.0217,mean_solar_kwh_m2_day,0.02451502732240396,0.2451502732240396,-32.57997224717336,theilslopes,43,1984,2026
AM,Amazonas,Manaus,Norte,-3.119,-60.0217,mean_ws10m_m_s,0.00017233760494917588,0.0017233760494917588,0.8604922499994097,theilslopes,46,1981,2026
AM,Amazonas,Manaus,Norte,-3.119,-60.0217,mean_ws50m_m_s,0.0014956874682902283,0.014956874682902284,-0.8020042958971052,theilslopes,46,1981,2026
AM,Amazonas,Manaus,Norte,-3.119,-60.0217,mean_vpd_kpa,0.002830241405339317,0.02830241405339317,-5.112645176712406,theilslopes,46,1981,2026
AP,Amapá,Macapá,Norte,0.0349,-51.0694,annual_precip_mm,-19.334285714285734,-193.34285714285733,40878.30642857147,theilslopes,46,1981,2026
AP,Amapá,Macapá,Norte,0.0349,-51.0694,rainy_days_ge_1mm,-2.3529411764705883,-23.529411764705884,4988.117647058823,theilslopes,46,1981,2026
AP,Amapá,Macapá,Norte,0.0349,-51.0694,heavy_rain_days_ge_20mm,0.041666666666666664,0.41666666666666663,-65.47916666666666,theilslopes,46,1981,2026
AP,Amapá,Macapá,Norte,0.0349,-51.0694,extreme_rain_days_ge_50mm,0.0,0.0,0.0,theilslopes,46,1981,2026
AP,Amapá,Macapá,Norte,0.0349,-51.0694,dry_days_lt_1mm,2.074074074074074,20.74074074074074,-4066.907407407407,theilslopes,46,1981,2026
AP,Amapá,Macapá,Norte,0.0349,-51.0694,longest_dry_spell_days,0.375,3.75,-736.8125,theilslopes,46,1981,2026
AP,Amapá,Macapá,Norte,0.0349,-51.0694,max_1day_precip_mm,0.4058333333333337,4.058333333333337,-772.4670833333341,theilslopes,46,1981,2026
AP,Amapá,Macapá,Norte,0.0349,-51.0694,max_5day_precip_mm,0.341666666666667,3.41666666666667,-571.2291666666674,theilslopes,46,1981,2026
AP,Amapá,Macapá,Norte,0.0349,-51.0694,rainfall_concentration,0.0006252363422209586,0.006252363422209586,-1.2009500907068207,theilslopes,46,1981,2026
AP,Amapá,Macapá,Norte,0.0349,-51.0694,mean_t2m_c,0.029495890410959902,0.294958904109599,-32.74984513062555,theilslopes,46,1981,2026
AP,Amapá,Macapá,Norte,0.0349,-51.0694,mean_t2m_max_c,0.0313385518591,0.313385518591,-32.762915755029105,theilslopes,46,1981,2026
AP,Amapá,Macapá,Norte,0.0349,-51.0694,mean_t2m_min_c,0.027373599003735937,0.2737359900373594,-31.443991905354814,theilslopes,46,1981,2026
AP,Amapá,Macapá,Norte,0.0349,-51.0694,mean_t2m_range_c,0.003763209393346369,0.03763209393346369,-0.8921516634050661,theilslopes,46,1981,2026
AP,Amapá,Macapá,Norte,0.0349,-51.0694,mean_rh2m_pct,-0.07967427701674294,-0.7967427701674294,245.17949940808424,theilslopes,46,1981,2026
AP,Amapá,Macapá,Norte,0.0349,-51.0694,mean_solar_kwh_m2_day,0.008580323785803434,0.08580323785803434,0.6644782067243895,theilslopes,43,1984,2026
AP,Amapá,Macapá,Norte,0.0349,-51.0694,mean_ws10m_m_s,0.0004238013698630097,0.004238013698630097,0.4360372431506929,theilslopes,46,1981,2026
AP,Amapá,Macapá,Norte,0.0349,-51.0694,mean_ws50m_m_s,-0.0009325215626585668,-0.009325215626585668,4.713909690512466,theilslopes,46,1981,2026
AP,Amapá,Macapá,Norte,0.0349,-51.0694,mean_vpd_kpa,0.004018818138749309,0.0401881813874931,-7.535263145100654,theilslopes,46,1981,2026
BA,Bahia,Salvador,Nordeste,-12.9777,-38.5016,annual_precip_mm,-20.1696,-201.696,41829.5686,theilslopes,46,1981,2026
BA,Bahia,Salvador,Nordeste,-12.9777,-38.5016,rainy_days_ge_1mm,-1.9487179487179487,-19.487179487179485,4117.25641025641,theilslopes,46,1981,2026
BA,Bahia,Salvador,Nordeste,-12.9777,-38.5016,heavy_rain_days_ge_20mm,-0.20833333333333334,-2.0833333333333335,426.39583333333337,theilslopes,46,1981,2026
BA,Bahia,Salvador,Nordeste,-12.9777,-38.5016,extreme_rain_days_ge_50mm,0.0,0.0,0.0,theilslopes,46,1981,2026
BA,Bahia,Salvador,Nordeste,-12.9777,-38.5016,dry_days_lt_1mm,1.6923076923076923,16.923076923076923,-3240.5384615384614,theilslopes,46,1981,2026
BA,Bahia,Salvador,Nordeste,-12.9777,-38.5016,longest_dry_spell_days,0.09523809523809523,0.9523809523809523,-175.3095238095238,theilslopes,46,1981,2026
BA,Bahia,Salvador,Nordeste,-12.9777,-38.5016,max_1day_precip_mm,-0.08538461538461534,-0.8538461538461534,210.66307692307683,theilslopes,46,1981,2026
BA,Bahia,Salvador,Nordeste,-12.9777,-38.5016,max_5day_precip_mm,-0.771860465116279,-7.71860465116279,1639.6324418604652,theilslopes,46,1981,2026
BA,Bahia,Salvador,Nordeste,-12.9777,-38.5016,rainfall_concentration,0.0006832720677484635,0.006832720677484635,-1.2972175965787092,theilslopes,46,1981,2026
BA,Bahia,Salvador,Nordeste,-12.9777,-38.5016,mean_t2m_c,0.03595516811955173,0.35955168119551734,-46.645398505604085,theilslopes,46,1981,2026
BA,Bahia,Salvador,Nordeste,-12.9777,-38.5016,mean_t2m_max_c,0.049621575342465585,0.49621575342465585,-70.69162071917773,theilslopes,46,1981,2026
BA,Bahia,Salvador,Nordeste,-12.9777,-38.5016,mean_t2m_min_c,0.026938770286553258,0.2693877028655326,-31.010077635229667,theilslopes,46,1981,2026
BA,Bahia,Salvador,Nordeste,-12.9777,-38.5016,mean_t2m_range_c,0.01902014504431909,0.1902014504431909,-32.52992908944398,theilslopes,46,1981,2026
BA,Bahia,Salvador,Nordeste,-12.9777,-38.5016,mean_rh2m_pct,-0.11399510763209467,-1.1399510763209466,306.51311594912085,theilslopes,46,1981,2026
BA,Bahia,Salvador,Nordeste,-12.9777,-38.5016,mean_solar_kwh_m2_day,0.003528458853071535,0.035284588530715345,11.83560438315322,theilslopes,43,1984,2026
BA,Bahia,Salvador,Nordeste,-12.9777,-38.5016,mean_ws10m_m_s,0.0015657534246575678,0.015657534246575677,0.09212488584468215,theilslopes,46,1981,2026
BA,Bahia,Salvador,Nordeste,-12.9777,-38.5016,mean_ws50m_m_s,0.0006575342465753309,0.006575342465753309,3.287534246575366,theilslopes,46,1981,2026
BA,Bahia,Salvador,Nordeste,-12.9777,-38.5016,mean_vpd_kpa,0.005406194872547331,0.054061948725473305,-10.10552718356891,theilslopes,46,1981,2026
CE,Ceará,Fortaleza,Nordeste,-3.7319,-38.5267,annual_precip_mm,-2.932499999999976,-29.32499999999976,6906.893749999952,theilslopes,46,1981,2026
CE,Ceará,Fortaleza,Nordeste,-3.7319,-38.5267,rainy_days_ge_1mm,-0.36,-3.5999999999999996,867.26,theilslopes,46,1981,2026
CE,Ceará,Fortaleza,Nordeste,-3.7319,-38.5267,heavy_rain_days_ge_20mm,0.0,0.0,8.0,theilslopes,46,1981,2026
CE,Ceará,Fortaleza,Nordeste,-3.7319,-38.5267,extreme_rain_days_ge_50mm,0.0,0.0,0.0,theilslopes,46,1981,2026
CE,Ceará,Fortaleza,Nordeste,-3.7319,-38.5267,dry_days_lt_1mm,0.05405405405405406,0.5405405405405406,106.7027027027027,theilslopes,46,1981,2026
CE,Ceará,Fortaleza,Nordeste,-3.7319,-38.5267,longest_dry_spell_days,0.4166666666666667,4.166666666666667,-750.7916666666667,theilslopes,46,1981,2026
CE,Ceará,Fortaleza,Nordeste,-3.7319,-38.5267,max_1day_precip_mm,0.11764705882352941,1.1764705882352942,-198.22588235294114,theilslopes,46,1981,2026
CE,Ceará,Fortaleza,Nordeste,-3.7319,-38.5267,max_5day_precip_mm,-0.16692307692307595,-1.6692307692307595,434.67538461538265,theilslopes,46,1981,2026
CE,Ceará,Fortaleza,Nordeste,-3.7319,-38.5267,rainfall_concentration,0.0001494958091163297,0.0014949580911632972,-0.20400968540938796,theilslopes,46,1981,2026
CE,Ceará,Fortaleza,Nordeste,-3.7319,-38.5267,mean_t2m_c,0.020174376824609652,0.20174376824609652,-13.329988154047498,theilslopes,46,1981,2026
CE,Ceará,Fortaleza,Nordeste,-3.7319,-38.5267,mean_t2m_max_c,0.022477113264283328,0.22477113264283327,-15.761321082525896,theilslopes,46,1981,2026
CE,Ceará,Fortaleza,Nordeste,-3.7319,-38.5267,mean_t2m_min_c,0.020409512423878236,0.20409512423878234,-15.380759511103054,theilslopes,46,1981,2026
CE,Ceará,Fortaleza,Nordeste,-3.7319,-38.5267,mean_t2m_range_c,0.002591530054644786,0.02591530054644786,-1.4402774440451669,theilslopes,46,1981,2026
CE,Ceará,Fortaleza,Nordeste,-3.7319,-38.5267,mean_rh2m_pct,-0.00502457854836364,-0.0502457854836364,88.07663353260546,theilslopes,46,1981,2026
CE,Ceará,Fortaleza,Nordeste,-3.7319,-38.5267,mean_solar_kwh_m2_day,0.025222229561036154,0.2522222956103615,-29.972762050699405,theilslopes,43,1984,2026
CE,Ceará,Fortaleza,Nordeste,-3.7319,-38.5267,mean_ws10m_m_s,-0.0051249764203907585,-0.05124976420390759,16.62894505277343,theilslopes,46,1981,2026
CE,Ceará,Fortaleza,Nordeste,-3.7319,-38.5267,mean_ws50m_m_s,-0.007271485723315892,-0.07271485723315892,22.262914797348323,theilslopes,46,1981,2026
CE,Ceará,Fortaleza,Nordeste,-3.7319,-38.5267,mean_vpd_kpa,0.001009769916378417,0.010097699163784168,-1.2232050637792984,theilslopes,46,1981,2026
DF,Distrito Federal,Brasília,Centro-Oeste,-15.7939,-47.8828,annual_precip_mm,-15.269487179487179,-152.6948717948718,31906.52256410256,theilslopes,46,1981,2026
DF,Distrito Federal,Brasília,Centro-Oeste,-15.7939,-47.8828,rainy_days_ge_1mm,-1.0416666666666667,-10.416666666666668,2259.479166666667,theilslopes,46,1981,2026
DF,Distrito Federal,Brasília,Centro-Oeste,-15.7939,-47.8828,heavy_rain_days_ge_20mm,-0.1794871794871795,-1.794871794871795,368.1025641025641,theilslopes,46,1981,2026
DF,Distrito Federal,Brasília,Centro-Oeste,-15.7939,-47.8828,extreme_rain_days_ge_50mm,0.0,0.0,0.0,theilslopes,46,1981,2026
DF,Distrito Federal,Brasília,Centro-Oeste,-15.7939,-47.8828,dry_days_lt_1mm,0.896551724137931,8.96551724137931,-1606.7413793103449,theilslopes,46,1981,2026
DF,Distrito Federal,Brasília,Centro-Oeste,-15.7939,-47.8828,longest_dry_spell_days,0.475,4.75,-868.6624999999999,theilslopes,46,1981,2026
DF,Distrito Federal,Brasília,Centro-Oeste,-15.7939,-47.8828,max_1day_precip_mm,-0.07842105263157886,-0.7842105263157886,193.56157894736825,theilslopes,46,1981,2026
DF,Distrito Federal,Brasília,Centro-Oeste,-15.7939,-47.8828,max_5day_precip_mm,-0.6858974358974362,-6.858974358974362,1474.4405128205135,theilslopes,46,1981,2026
DF,Distrito Federal,Brasília,Centro-Oeste,-15.7939,-47.8828,rainfall_concentration,0.0004553588651912219,0.0045535886519122186,-0.8366537062772631,theilslopes,46,1981,2026
DF,Distrito Federal,Brasília,Centro-Oeste,-15.7939,-47.8828,mean_t2m_c,0.043791457616926974,0.43791457616926976,-65.78126082769076,theilslopes,46,1981,2026
DF,Distrito Federal,Brasília,Centro-Oeste,-15.7939,-47.8828,mean_t2m_max_c,0.060748028227480454,0.6074802822748046,-93.74322051528115,theilslopes,46,1981,2026
DF,Distrito Federal,Brasília,Centro-Oeste,-15.7939,-47.8828,mean_t2m_min_c,0.027599030200198073,0.2759903020019807,-38.507314540343415,theilslopes,46,1981,2026
DF,Distrito Federal,Brasília,Centro-Oeste,-15.7939,-47.8828,mean_t2m_range_c,0.03505584826132775,0.3505584826132775,-58.97493993677563,theilslopes,46,1981,2026
DF,Distrito Federal,Brasília,Centro-Oeste,-15.7939,-47.8828,mean_rh2m_pct,-0.25446038251366093,-2.544603825136609,579.9358284209143,theilslopes,46,1981,2026
DF,Distrito Federal,Brasília,Centro-Oeste,-15.7939,-47.8828,mean_solar_kwh_m2_day,0.02400483481063652,0.2400483481063652,-28.44065269943581,theilslopes,43,1984,2026
DF,Distrito Federal,Brasília,Centro-Oeste,-15.7939,-47.8828,mean_ws10m_m_s,-0.00905506400179658,-0.0905506400179658,21.317944015270683,theilslopes,46,1981,2026
DF,Distrito Federal,Brasília,Centro-Oeste,-15.7939,-47.8828,mean_ws50m_m_s,-0.012333748443337495,-0.12333748443337496,29.534569677234984,theilslopes,46,1981,2026
DF,Distrito Federal,Brasília,Centro-Oeste,-15.7939,-47.8828,mean_vpd_kpa,0.009015106538378231,0.09015106538378231,-17.244635117393933,theilslopes,46,1981,2026
ES,Espírito Santo,Vitória,Sudeste,-20.3155,-40.3128,annual_precip_mm,-7.366000000000003,-73.66000000000003,16016.116000000005,theilslopes,46,1981,2026
ES,Espírito Santo,Vitória,Sudeste,-20.3155,-40.3128,rainy_days_ge_1mm,-1.6470588235294117,-16.470588235294116,3478.382352941176,theilslopes,46,1981,2026
ES,Espírito Santo,Vitória,Sudeste,-20.3155,-40.3128,heavy_rain_days_ge_20mm,0.0,0.0,10.0,theilslopes,46,1981,2026
ES,Espírito Santo,Vitória,Sudeste,-20.3155,-40.3128,extreme_rain_days_ge_50mm,0.0,0.0,0.0,theilslopes,46,1981,2026
ES,Espírito Santo,Vitória,Sudeste,-20.3155,-40.3128,dry_days_lt_1mm,1.4761904761904763,14.761904761904763,-2773.0476190476193,theilslopes,46,1981,2026
ES,Espírito Santo,Vitória,Sudeste,-20.3155,-40.3128,longest_dry_spell_days,0.030303030303030304,0.30303030303030304,-39.21212121212121,theilslopes,46,1981,2026
ES,Espírito Santo,Vitória,Sudeste,-20.3155,-40.3128,max_1day_precip_mm,0.1960000000000001,1.9600000000000009,-348.8610000000002,theilslopes,46,1981,2026
ES,Espírito Santo,Vitória,Sudeste,-20.3155,-40.3128,max_5day_precip_mm,0.14000000000000057,1.4000000000000057,-168.05000000000115,theilslopes,46,1981,2026
ES,Espírito Santo,Vitória,Sudeste,-20.3155,-40.3128,rainfall_concentration,0.0008302084472495401,0.0083020844724954,-1.5695135729785628,theilslopes,46,1981,2026
ES,Espírito Santo,Vitória,Sudeste,-20.3155,-40.3128,mean_t2m_c,0.024913242009132593,0.2491324200913259,-27.891611872146463,theilslopes,46,1981,2026
ES,Espírito Santo,Vitória,Sudeste,-20.3155,-40.3128,mean_t2m_max_c,0.03862130974796575,0.3862130974796575,-51.083643395117875,theilslopes,46,1981,2026
ES,Espírito Santo,Vitória,Sudeste,-20.3155,-40.3128,mean_t2m_min_c,0.01705577299412881,0.1705577299412881,-15.110867176220797,theilslopes,46,1981,2026
ES,Espírito Santo,Vitória,Sudeste,-20.3155,-40.3128,mean_t2m_range_c,0.02149371311576564,0.21493713115765642,-35.906975321829755,theilslopes,46,1981,2026
ES,Espírito Santo,Vitória,Sudeste,-20.3155,-40.3128,mean_rh2m_pct,-0.0713621614929718,-0.713621614929718,224.73489465327245,theilslopes,46,1981,2026
ES,Espírito Santo,Vitória,Sudeste,-20.3155,-40.3128,mean_solar_kwh_m2_day,0.0010470135284608162,0.010470135284608162,15.48773241095519,theilslopes,43,1984,2026
ES,Espírito Santo,Vitória,Sudeste,-20.3155,-40.3128,mean_ws10m_m_s,-0.0008189200904537706,-0.008189200904537706,5.873798286844311,theilslopes,46,1981,2026
ES,Espírito Santo,Vitória,Sudeste,-20.3155,-40.3128,mean_ws50m_m_s,-0.0023624801327212413,-0.02362480132721241,10.452434425359062,theilslopes,46,1981,2026
ES,Espírito Santo,Vitória,Sudeste,-20.3155,-40.3128,mean_vpd_kpa,0.0027349295024974556,0.027349295024974556,-4.991121557196397,theilslopes,46,1981,2026
GO,Goiás,Goiânia,Centro-Oeste,-16.6869,-49.2648,annual_precip_mm,-10.310740740740753,-103.10740740740754,22089.9490740741,theilslopes,46,1981,2026
GO,Goiás,Goiânia,Centro-Oeste,-16.6869,-49.2648,rainy_days_ge_1mm,-1.0526315789473684,-10.526315789473683,2289.9473684210525,theilslopes,46,1981,2026
GO,Goiás,Goiânia,Centro-Oeste,-16.6869,-49.2648,heavy_rain_days_ge_20mm,-0.1,-1.0,212.35000000000002,theilslopes,46,1981,2026
GO,Goiás,Goiânia,Centro-Oeste,-16.6869,-49.2648,extreme_rain_days_ge_50mm,0.0,0.0,0.0,theilslopes,46,1981,2026
GO,Goiás,Goiânia,Centro-Oeste,-16.6869,-49.2648,dry_days_lt_1mm,0.9166666666666666,9.166666666666666,-1653.0416666666665,theilslopes,46,1981,2026
GO,Goiás,Goiânia,Centro-Oeste,-16.6869,-49.2648,longest_dry_spell_days,0.6666666666666666,6.666666666666666,-1264.1666666666665,theilslopes,46,1981,2026
GO,Goiás,Goiânia,Centro-Oeste,-16.6869,-49.2648,max_1day_precip_mm,0.12071428571428607,1.2071428571428606,-202.00607142857214,theilslopes,46,1981,2026
GO,Goiás,Goiânia,Centro-Oeste,-16.6869,-49.2648,max_5day_precip_mm,-0.5500000000000028,-5.500000000000028,1209.2600000000057,theilslopes,46,1981,2026
GO,Goiás,Goiânia,Centro-Oeste,-16.6869,-49.2648,rainfall_concentration,0.0003678343196568262,0.0036783431965682623,-0.6598642059200109,theilslopes,46,1981,2026
GO,Goiás,Goiânia,Centro-Oeste,-16.6869,-49.2648,mean_t2m_c,0.03638613013698633,0.3638613013698633,-49.95847474315073,theilslopes,46,1981,2026
GO,Goiás,Goiânia,Centro-Oeste,-16.6869,-49.2648,mean_t2m_max_c,0.0475052670161664,0.47505267016166397,-66.25568913505316,theilslopes,46,1981,2026
GO,Goiás,Goiânia,Centro-Oeste,-16.6869,-49.2648,mean_t2m_min_c,0.02415753424657563,0.2415753424657563,-30.595345890411533,theilslopes,46,1981,2026
GO,Goiás,Goiânia,Centro-Oeste,-16.6869,-49.2648,mean_t2m_range_c,0.02556118471941519,0.2556118471941519,-40.130669201786695,theilslopes,46,1981,2026
GO,Goiás,Goiânia,Centro-Oeste,-16.6869,-49.2648,mean_rh2m_pct,-0.20673150684931443,-2.0673150684931443,485.0680761808506,theilslopes,46,1981,2026
GO,Goiás,Goiânia,Centro-Oeste,-16.6869,-49.2648,mean_solar_kwh_m2_day,0.03273231088977264,0.32732310889772637,-46.124294262955885,theilslopes,43,1984,2026
GO,Goiás,Goiânia,Centro-Oeste,-16.6869,-49.2648,mean_ws10m_m_s,-0.00693048880904259,-0.0693048880904259,16.949768575492172,theilslopes,46,1981,2026
GO,Goiás,Goiânia,Centro-Oeste,-16.6869,-49.2648,mean_ws50m_m_s,-0.010993990140408296,-0.10993990140408297,26.77491130110254,theilslopes,46,1981,2026
GO,Goiás,Goiânia,Centro-Oeste,-16.6869,-49.2648,mean_vpd_kpa,0.00830116096071226,0.0830116096071226,-15.791680944679177,theilslopes,46,1981,2026
MA,Maranhão,São Luís,Nordeste,-2.5307,-44.3068,annual_precip_mm,-15.428214285714278,-154.2821428571428,32756.307321428558,theilslopes,46,1981,2026
MA,Maranhão,São Luís,Nordeste,-2.5307,-44.3068,rainy_days_ge_1mm,-0.9090909090909091,-9.09090909090909,2021.3636363636363,theilslopes,46,1981,2026
MA,Maranhão,São Luís,Nordeste,-2.5307,-44.3068,heavy_rain_days_ge_20mm,-0.18181818181818182,-1.8181818181818183,385.2727272727273,theilslopes,46,1981,2026
MA,Maranhão,São Luís,Nordeste,-2.5307,-44.3068,extreme_rain_days_ge_50mm,0.0,0.0,1.0,theilslopes,46,1981,2026
MA,Maranhão,São Luís,Nordeste,-2.5307,-44.3068,dry_days_lt_1mm,0.6285714285714286,6.285714285714286,-1095.8428571428572,theilslopes,46,1981,2026
MA,Maranhão,São Luís,Nordeste,-2.5307,-44.3068,longest_dry_spell_days,0.625,6.25,-1208.1875,theilslopes,46,1981,2026
MA,Maranhão,São Luís,Nordeste,-2.5307,-44.3068,max_1day_precip_mm,0.31,3.1,-569.8100000000001,theilslopes,46,1981,2026
MA,Maranhão,São Luís,Nordeste,-2.5307,-44.3068,max_5day_precip_mm,0.013684210526318302,0.13684210526318302,110.60868421052126,theilslopes,46,1981,2026
MA,Maranhão,São Luís,Nordeste,-2.5307,-44.3068,rainfall_concentration,0.0003168409233713157,0.003168409233713157,-0.5625331066710346,theilslopes,46,1981,2026
MA,Maranhão,São Luís,Nordeste,-2.5307,-44.3068,mean_t2m_c,0.024662684332659286,0.24662684332659285,-22.380989430345895,theilslopes,46,1981,2026
MA,Maranhão,São Luís,Nordeste,-2.5307,-44.3068,mean_t2m_max_c,0.027583674863387753,0.2758367486338775,-25.248330944961744,theilslopes,46,1981,2026
MA,Maranhão,São Luís,Nordeste,-2.5307,-44.3068,mean_t2m_min_c,0.023424082747853348,0.23424082747853348,-21.89835526477624,theilslopes,46,1981,2026
MA,Maranhão,São Luís,Nordeste,-2.5307,-44.3068,mean_t2m_range_c,0.0036983910139648155,0.036983910139648156,-2.4392849712221265,theilslopes,46,1981,2026
MA,Maranhão,São Luís,Nordeste,-2.5307,-44.3068,mean_rh2m_pct,-0.028408469945354398,-0.284084699453544,139.37631474099697,theilslopes,46,1981,2026
MA,Maranhão,São Luís,Nordeste,-2.5307,-44.3068,mean_solar_kwh_m2_day,0.0170496575342467,0.17049657534246698,-15.487432208623648,theilslopes,43,1984,2026
MA,Maranhão,São Luís,Nordeste,-2.5307,-44.3068,mean_ws10m_m_s,-0.0008538251366120075,-0.008538251366120075,4.13689893517476,theilslopes,46,1981,2026
MA,Maranhão,São Luís,Nordeste,-2.5307,-44.3068,mean_ws50m_m_s,-0.0018864970645792495,-0.018864970645792494,7.635596868884527,theilslopes,46,1981,2026
MA,Maranhão,São Luís,Nordeste,-2.5307,-44.3068,mean_vpd_kpa,0.0019298201477915022,0.01929820147791502,-3.221536433990506,theilslopes,46,1981,2026
MG,Minas Gerais,Belo Horizonte,Sudeste,-19.9167,-43.9345,annual_precip_mm,-14.97642857142856,-149.7642857142856,31309.234642857118,theilslopes,46,1981,2026
MG,Minas Gerais,Belo Horizonte,Sudeste,-19.9167,-43.9345,rainy_days_ge_1mm,-1.1785714285714286,-11.785714285714286,2509.7678571428573,theilslopes,46,1981,2026
MG,Minas Gerais,Belo Horizonte,Sudeste,-19.9167,-43.9345,heavy_rain_days_ge_20mm,-0.2631578947368421,-2.631578947368421,541.2368421052631,theilslopes,46,1981,2026
MG,Minas Gerais,Belo Horizonte,Sudeste,-19.9167,-43.9345,extreme_rain_days_ge_50mm,0.0,0.0,1.0,theilslopes,46,1981,2026
MG,Minas Gerais,Belo Horizonte,Sudeste,-19.9167,-43.9345,dry_days_lt_1mm,1.0,10.0,-1789.0,theilslopes,46,1981,2026
MG,Minas Gerais,Belo Horizonte,Sudeste,-19.9167,-43.9345,longest_dry_spell_days,0.42105263157894735,4.2105263157894735,-790.578947368421,theilslopes,46,1981,2026
MG,Minas Gerais,Belo Horizonte,Sudeste,-19.9167,-43.9345,max_1day_precip_mm,-0.3052941176470587,-3.052941176470587,662.1217647058821,theilslopes,46,1981,2026
MG,Minas Gerais,Belo Horizonte,Sudeste,-19.9167,-43.9345,max_5day_precip_mm,-1.2524999999999977,-12.524999999999977,2642.4237499999954,theilslopes,46,1981,2026
MG,Minas Gerais,Belo Horizonte,Sudeste,-19.9167,-43.9345,rainfall_concentration,0.00026937629850678547,0.0026937629850678547,-0.4336404922940868,theilslopes,46,1981,2026
MG,Minas Gerais,Belo Horizonte,Sudeste,-19.9167,-43.9345,mean_t2m_c,0.04536007827788678,0.45360078277886784,-70.95831409002014,theilslopes,46,1981,2026
MG,Minas Gerais,Belo Horizonte,Sudeste,-19.9167,-43.9345,mean_t2m_max_c,0.063502283105023,0.6350228310502299,-101.07573239014928,theilslopes,46,1981,2026
MG,Minas Gerais,Belo Horizonte,Sudeste,-19.9167,-43.9345,mean_t2m_min_c,0.029605900948366546,0.2960590094836655,-44.42340885142224,theilslopes,46,1981,2026
MG,Minas Gerais,Belo Horizonte,Sudeste,-19.9167,-43.9345,mean_t2m_range_c,0.035897620764239364,0.35897620764239363,-60.79119134547575,theilslopes,46,1981,2026
MG,Minas Gerais,Belo Horizonte,Sudeste,-19.9167,-43.9345,mean_rh2m_pct,-0.19680626223091885,-1.9680626223091884,469.6814833659473,theilslopes,46,1981,2026
MG,Minas Gerais,Belo Horizonte,Sudeste,-19.9167,-43.9345,mean_solar_kwh_m2_day,0.01796575342465771,0.1796575342465771,-17.9905705891163,theilslopes,43,1984,2026
MG,Minas Gerais,Belo Horizonte,Sudeste,-19.9167,-43.9345,mean_ws10m_m_s,-0.010910197869102016,-0.10910197869102016,25.327499238965068,theilslopes,46,1981,2026
MG,Minas Gerais,Belo Horizonte,Sudeste,-19.9167,-43.9345,mean_ws50m_m_s,-0.01575296304613619,-0.1575296304613619,36.542247105571775,theilslopes,46,1981,2026
MG,Minas Gerais,Belo Horizonte,Sudeste,-19.9167,-43.9345,mean_vpd_kpa,0.006274185336232085,0.06274185336232085,-11.985888121175316,theilslopes,46,1981,2026
MS,Mato Grosso do Sul,Campo Grande,Centro-Oeste,-20.4697,-54.6201,annual_precip_mm,-12.212499999999997,-122.12499999999997,25792.943749999995,theilslopes,46,1981,2026
MS,Mato Grosso do Sul,Campo Grande,Centro-Oeste,-20.4697,-54.6201,rainy_days_ge_1mm,-1.8888888888888888,-18.88888888888889,3942.8888888888887,theilslopes,46,1981,2026
MS,Mato Grosso do Sul,Campo Grande,Centro-Oeste,-20.4697,-54.6201,heavy_rain_days_ge_20mm,0.0,0.0,12.0,theilslopes,46,1981,2026
MS,Mato Grosso do Sul,Campo Grande,Centro-Oeste,-20.4697,-54.6201,extreme_rain_days_ge_50mm,0.0,0.0,0.0,theilslopes,46,1981,2026
MS,Mato Grosso do Sul,Campo Grande,Centro-Oeste,-20.4697,-54.6201,dry_days_lt_1mm,1.6470588235294117,16.470588235294116,-3093.882352941176,theilslopes,46,1981,2026
MS,Mato Grosso do Sul,Campo Grande,Centro-Oeste,-20.4697,-54.6201,longest_dry_spell_days,0.0975609756097561,0.975609756097561,-162.96341463414635,theilslopes,46,1981,2026
MS,Mato Grosso do Sul,Campo Grande,Centro-Oeste,-20.4697,-54.6201,max_1day_precip_mm,0.24074074074074073,2.4074074074074074,-433.694074074074,theilslopes,46,1981,2026
MS,Mato Grosso do Sul,Campo Grande,Centro-Oeste,-20.4697,-54.6201,max_5day_precip_mm,0.29769230769230914,2.976923076923091,-493.8615384615413,theilslopes,46,1981,2026
MS,Mato Grosso do Sul,Campo Grande,Centro-Oeste,-20.4697,-54.6201,rainfall_concentration,0.0010022521529738045,0.010022521529738045,-1.9296566454176296,theilslopes,46,1981,2026
MS,Mato Grosso do Sul,Campo Grande,Centro-Oeste,-20.4697,-54.6201,mean_t2m_c,0.04864840182648441,0.4864840182648441,-74.48398562766752,theilslopes,46,1981,2026
MS,Mato Grosso do Sul,Campo Grande,Centro-Oeste,-20.4697,-54.6201,mean_t2m_max_c,0.05988418430884159,0.5988418430884159,-90.79320542160836,theilslopes,46,1981,2026
MS,Mato Grosso do Sul,Campo Grande,Centro-Oeste,-20.4697,-54.6201,mean_t2m_min_c,0.03609464508094653,0.3609464508094653,-54.63763721427178,theilslopes,46,1981,2026
MS,Mato Grosso do Sul,Campo Grande,Centro-Oeste,-20.4697,-54.6201,mean_t2m_range_c,0.025733097657976142,0.25733097657976145,-39.92564471939904,theilslopes,46,1981,2026
MS,Mato Grosso do Sul,Campo Grande,Centro-Oeste,-20.4697,-54.6201,mean_rh2m_pct,-0.2238508371385082,-2.238508371385082,519.9193165905629,theilslopes,46,1981,2026
MS,Mato Grosso do Sul,Campo Grande,Centro-Oeste,-20.4697,-54.6201,mean_solar_kwh_m2_day,0.029575952829265208,0.29575952829265206,-40.78879912130688,theilslopes,43,1984,2026
MS,Mato Grosso do Sul,Campo Grande,Centro-Oeste,-20.4697,-54.6201,mean_ws10m_m_s,0.00012885695037043732,0.0012885695037043732,3.012657017741048,theilslopes,46,1981,2026
MS,Mato Grosso do Sul,Campo Grande,Centro-Oeste,-20.4697,-54.6201,mean_ws50m_m_s,-0.0024161421695668376,-0.024161421695668376,9.944439392008242,theilslopes,46,1981,2026
MS,Mato Grosso do Sul,Campo Grande,Centro-Oeste,-20.4697,-54.6201,mean_vpd_kpa,0.009253951876849357,0.09253951876849356,-17.724146359692373,theilslopes,46,1981,2026
MT,Mato Grosso,Cuiabá,Centro-Oeste,-15.601,-56.0974,annual_precip_mm,-13.676923076923073,-136.76923076923072,28751.475384615376,theilslopes,46,1981,2026
MT,Mato Grosso,Cuiabá,Centro-Oeste,-15.601,-56.0974,rainy_days_ge_1mm,-1.4736842105263157,-14.736842105263158,3132.0263157894733,theilslopes,46,1981,2026
MT,Mato Grosso,Cuiabá,Centro-Oeste,-15.601,-56.0974,heavy_rain_days_ge_20mm,-0.05714285714285714,-0.5714285714285714,124.98571428571428,theilslopes,46,1981,2026
MT,Mato Grosso,Cuiabá,Centro-Oeste,-15.601,-56.0974,extreme_rain_days_ge_50mm,0.0,0.0,0.0,theilslopes,46,1981,2026
MT,Mato Grosso,Cuiabá,Centro-Oeste,-15.601,-56.0974,dry_days_lt_1mm,1.3076923076923077,13.076923076923077,-2433.9615384615386,theilslopes,46,1981,2026
MT,Mato Grosso,Cuiabá,Centro-Oeste,-15.601,-56.0974,longest_dry_spell_days,0.5769230769230769,5.769230769230768,-1101.8653846153845,theilslopes,46,1981,2026
MT,Mato Grosso,Cuiabá,Centro-Oeste,-15.601,-56.0974,max_1day_precip_mm,0.06999999999999984,0.6999999999999984,-101.5049999999997,theilslopes,46,1981,2026
MT,Mato Grosso,Cuiabá,Centro-Oeste,-15.601,-56.0974,max_5day_precip_mm,-0.11600000000000128,-1.1600000000000128,329.7010000000025,theilslopes,46,1981,2026
MT,Mato Grosso,Cuiabá,Centro-Oeste,-15.601,-56.0974,rainfall_concentration,0.000643719971469156,0.0064371997146915605,-1.217141814807491,theilslopes,46,1981,2026
MT,Mato Grosso,Cuiabá,Centro-Oeste,-15.601,-56.0974,mean_t2m_c,0.044503116500736205,0.44503116500736206,-62.814021306485266,theilslopes,46,1981,2026
MT,Mato Grosso,Cuiabá,Centro-Oeste,-15.601,-56.0974,mean_t2m_max_c,0.05658708414872799,0.56587084148728,-80.99053741191067,theilslopes,46,1981,2026
MT,Mato Grosso,Cuiabá,Centro-Oeste,-15.601,-56.0974,mean_t2m_min_c,0.0384078895674846,0.384078895674846,-55.82101496763348,theilslopes,46,1981,2026
MT,Mato Grosso,Cuiabá,Centro-Oeste,-15.601,-56.0974,mean_t2m_range_c,0.01987165842117566,0.19871658421175661,-28.62430031394124,theilslopes,46,1981,2026
MT,Mato Grosso,Cuiabá,Centro-Oeste,-15.601,-56.0974,mean_rh2m_pct,-0.25560109289617516,-2.5560109289617516,580.727693727076,theilslopes,46,1981,2026
MT,Mato Grosso,Cuiabá,Centro-Oeste,-15.601,-56.0974,mean_solar_kwh_m2_day,0.03351329572925052,0.3351329572925052,-48.47328122481852,theilslopes,43,1984,2026
MT,Mato Grosso,Cuiabá,Centro-Oeste,-15.601,-56.0974,mean_ws10m_m_s,0.0045450097847357885,0.04545009784735789,-6.334273948541866,theilslopes,46,1981,2026
MT,Mato Grosso,Cuiabá,Centro-Oeste,-15.601,-56.0974,mean_ws50m_m_s,0.00426343519494204,0.042634351949420404,-4.252878459926173,theilslopes,46,1981,2026
MT,Mato Grosso,Cuiabá,Centro-Oeste,-15.601,-56.0974,mean_vpd_kpa,0.012733050667143055,0.12733050667143056,-24.398271252272018,theilslopes,46,1981,2026
PA,Pará,Belém,Norte,-1.4558,-48.4902,annual_precip_mm,1.4241666666666408,14.241666666666408,-234.97791666661487,theilslopes,46,1981,2026
PA,Pará,Belém,Norte,-1.4558,-48.4902,rainy_days_ge_1mm,-0.4,-4.0,1085.9,theilslopes,46,1981,2026
PA,Pará,Belém,Norte,-1.4558,-48.4902,heavy_rain_days_ge_20mm,0.1111111111111111,1.1111111111111112,-197.6111111111111,theilslopes,46,1981,2026
PA,Pará,Belém,Norte,-1.4558,-48.4902,extreme_rain_days_ge_50mm,0.0,0.0,0.0,theilslopes,46,1981,2026
PA,Pará,Belém,Norte,-1.4558,-48.4902,dry_days_lt_1mm,0.1111111111111111,1.1111111111111112,-143.1111111111111,theilslopes,46,1981,2026
PA,Pará,Belém,Norte,-1.4558,-48.4902,longest_dry_spell_days,0.0,0.0,8.5,theilslopes,46,1981,2026
PA,Pará,Belém,Norte,-1.4558,-48.4902,max_1day_precip_mm,0.30000000000000016,3.0000000000000018,-552.0950000000003,theilslopes,46,1981,2026
PA,Pará,Belém,Norte,-1.4558,-48.4902,max_5day_precip_mm,0.2266666666666642,2.266666666666642,-321.9766666666618,theilslopes,46,1981,2026
PA,Pará,Belém,Norte,-1.4558,-48.4902,rainfall_concentration,5.9052237472220985e-06,5.905223747222098e-05,0.04062113951669198,theilslopes,46,1981,2026
PA,Pará,Belém,Norte,-1.4558,-48.4902,mean_t2m_c,0.019622848743441616,0.19622848743441615,-12.514463579200978,theilslopes,46,1981,2026
PA,Pará,Belém,Norte,-1.4558,-48.4902,mean_t2m_max_c,0.01694200294867134,0.16942002948671342,-3.9098359191159844,theilslopes,46,1981,2026
PA,Pará,Belém,Norte,-1.4558,-48.4902,mean_t2m_min_c,0.022440016604399957,0.22440016604399957,-20.563760107247678,theilslopes,46,1981,2026
PA,Pará,Belém,Norte,-1.4558,-48.4902,mean_t2m_range_c,-0.004437030145541209,-0.04437030145541209,14.5492885267288,theilslopes,46,1981,2026
PA,Pará,Belém,Norte,-1.4558,-48.4902,mean_rh2m_pct,-0.0004058219178086908,-0.004058219178086908,85.13874914383655,theilslopes,46,1981,2026
PA,Pará,Belém,Norte,-1.4558,-48.4902,mean_solar_kwh_m2_day,0.005209072535369409,0.05209072535369409,8.150823265214472,theilslopes,43,1984,2026
PA,Pará,Belém,Norte,-1.4558,-48.4902,mean_ws10m_m_s,-0.0005671232876712562,-0.005671232876712562,2.5859986301370332,theilslopes,46,1981,2026
PA,Pará,Belém,Norte,-1.4558,-48.4902,mean_ws50m_m_s,-0.0015814832309872565,-0.015814832309872566,5.868940009447352,theilslopes,46,1981,2026
PA,Pará,Belém,Norte,-1.4558,-48.4902,mean_vpd_kpa,0.0009124115449211362,0.009124115449211363,-1.2535615037757324,theilslopes,46,1981,2026
PB,Paraíba,João Pessoa,Nordeste,-7.1195,-34.845,annual_precip_mm,-9.102000000000022,-91.02000000000021,19468.807000000044,theilslopes,46,1981,2026
PB,Paraíba,João Pessoa,Nordeste,-7.1195,-34.845,rainy_days_ge_1mm,-0.875,-8.75,1943.0625,theilslopes,46,1981,2026
PB,Paraíba,João Pessoa,Nordeste,-7.1195,-34.845,heavy_rain_days_ge_20mm,-0.09090909090909091,-0.9090909090909092,192.63636363636365,theilslopes,46,1981,2026
PB,Paraíba,João Pessoa,Nordeste,-7.1195,-34.845,extreme_rain_days_ge_50mm,0.0,0.0,0.0,theilslopes,46,1981,2026
PB,Paraíba,João Pessoa,Nordeste,-7.1195,-34.845,dry_days_lt_1mm,0.6521739130434783,6.521739130434783,-1132.1304347826087,theilslopes,46,1981,2026
PB,Paraíba,João Pessoa,Nordeste,-7.1195,-34.845,longest_dry_spell_days,0.03125,0.3125,-37.609375,theilslopes,46,1981,2026
PB,Paraíba,João Pessoa,Nordeste,-7.1195,-34.845,max_1day_precip_mm,0.22129032258064515,2.2129032258064516,-396.9951612903225,theilslopes,46,1981,2026
PB,Paraíba,João Pessoa,Nordeste,-7.1195,-34.845,max_5day_precip_mm,-0.2495652173913035,-2.495652173913035,609.8639130434765,theilslopes,46,1981,2026
PB,Paraíba,João Pessoa,Nordeste,-7.1195,-34.845,rainfall_concentration,0.00048393576579867,0.0048393576579867,-0.8817206813181383,theilslopes,46,1981,2026
PB,Paraíba,João Pessoa,Nordeste,-7.1195,-34.845,mean_t2m_c,0.027079908675799222,0.27079908675799225,-28.009692922374697,theilslopes,46,1981,2026
PB,Paraíba,João Pessoa,Nordeste,-7.1195,-34.845,mean_t2m_max_c,0.03369214131218459,0.3369214131218459,-37.68857498197552,theilslopes,46,1981,2026
PB,Paraíba,João Pessoa,Nordeste,-7.1195,-34.845,mean_t2m_min_c,0.022969178082191455,0.22969178082191455,-22.129940068492502,theilslopes,46,1981,2026
PB,Paraíba,João Pessoa,Nordeste,-7.1195,-34.845,mean_t2m_range_c,0.01037238396731453,0.1037238396731453,-14.866879497692741,theilslopes,46,1981,2026
PB,Paraíba,João Pessoa,Nordeste,-7.1195,-34.845,mean_rh2m_pct,-0.046842465753424545,-0.46842465753424545,170.1858273635749,theilslopes,46,1981,2026
PB,Paraíba,João Pessoa,Nordeste,-7.1195,-34.845,mean_solar_kwh_m2_day,0.012985633144002735,0.12985633144002734,-5.052851987972058,theilslopes,43,1984,2026
PB,Paraíba,João Pessoa,Nordeste,-7.1195,-34.845,mean_ws10m_m_s,0.0024212328767122906,0.024212328767122905,0.33514635264623305,theilslopes,46,1981,2026
PB,Paraíba,João Pessoa,Nordeste,-7.1195,-34.845,mean_ws50m_m_s,0.0015602739726027436,0.015602739726027437,3.8320354105846164,theilslopes,46,1981,2026
PB,Paraíba,João Pessoa,Nordeste,-7.1195,-34.845,mean_vpd_kpa,0.002907107475774895,0.02907107475774895,-5.009274671461133,theilslopes,46,1981,2026
PE,Pernambuco,Recife,Nordeste,-8.0476,-34.877,annual_precip_mm,-8.939259259259256,-89.39259259259256,19304.715925925917,theilslopes,46,1981,2026
PE,Pernambuco,Recife,Nordeste,-8.0476,-34.877,rainy_days_ge_1mm,-0.8,-8.0,1817.3000000000002,theilslopes,46,1981,2026
PE,Pernambuco,Recife,Nordeste,-8.0476,-34.877,heavy_rain_days_ge_20mm,-0.125,-1.25,261.4375,theilslopes,46,1981,2026
PE,Pernambuco,Recife,Nordeste,-8.0476,-34.877,extreme_rain_days_ge_50mm,0.0,0.0,0.0,theilslopes,46,1981,2026
PE,Pernambuco,Recife,Nordeste,-8.0476,-34.877,dry_days_lt_1mm,0.5,5.0,-852.75,theilslopes,46,1981,2026
PE,Pernambuco,Recife,Nordeste,-8.0476,-34.877,longest_dry_spell_days,0.03225806451612903,0.3225806451612903,-43.62903225806451,theilslopes,46,1981,2026
PE,Pernambuco,Recife,Nordeste,-8.0476,-34.877,max_1day_precip_mm,0.30227272727272736,3.0227272727272734,-558.6984090909093,theilslopes,46,1981,2026
PE,Pernambuco,Recife,Nordeste,-8.0476,-34.877,max_5day_precip_mm,-0.2651851851851872,-2.651851851851872,647.4735185185225,theilslopes,46,1981,2026
PE,Pernambuco,Recife,Nordeste,-8.0476,-34.877,rainfall_concentration,0.0004697188787818286,0.004697188787818286,-0.8597218336042135,theilslopes,46,1981,2026
PE,Pernambuco,Recife,Nordeste,-8.0476,-34.877,mean_t2m_c,0.026487194758785124,0.26487194758785126,-27.215108397856135,theilslopes,46,1981,2026
PE,Pernambuco,Recife,Nordeste,-8.0476,-34.877,mean_t2m_max_c,0.03300677861782791,0.3300677861782791,-37.046423426571636,theilslopes,46,1981,2026
PE,Pernambuco,Recife,Nordeste,-8.0476,-34.877,mean_t2m_min_c,0.022903226289392363,0.22903226289392364,-22.2312440077839,theilslopes,46,1981,2026
PE,Pernambuco,Recife,Nordeste,-8.0476,-34.877,mean_t2m_range_c,0.008440593524132782,0.08440593524132782,-11.468181180394549,theilslopes,46,1981,2026
PE,Pernambuco,Recife,Nordeste,-8.0476,-34.877,mean_rh2m_pct,-0.0525745366639804,-0.525745366639804,183.06319717770364,theilslopes,46,1981,2026
PE,Pernambuco,Recife,Nordeste,-8.0476,-34.877,mean_solar_kwh_m2_day,0.004964383561643615,0.04964383561643615,11.71504109589085,theilslopes,43,1984,2026
PE,Pernambuco,Recife,Nordeste,-8.0476,-34.877,mean_ws10m_m_s,0.002029109589041067,0.02029109589041067,0.8464233803054695,theilslopes,46,1981,2026
PE,Pernambuco,Recife,Nordeste,-8.0476,-34.877,mean_ws50m_m_s,0.0014284627092846997,0.014284627092846997,3.7525809878482455,theilslopes,46,1981,2026
PE,Pernambuco,Recife,Nordeste,-8.0476,-34.877,mean_vpd_kpa,0.0028934941056123326,0.028934941056123327,-5.028021576281424,theilslopes,46,1981,2026
PI,Piauí,Teresina,Nordeste,-5.0892,-42.8019,annual_precip_mm,-10.526086956521725,-105.26086956521725,22309.795217391274,theilslopes,46,1981,2026
PI,Piauí,Teresina,Nordeste,-5.0892,-42.8019,rainy_days_ge_1mm,-1.15,-11.5,2453.5249999999996,theilslopes,46,1981,2026
PI,Piauí,Teresina,Nordeste,-5.0892,-42.8019,heavy_rain_days_ge_20mm,-0.125,-1.25,261.4375,theilslopes,46,1981,2026
PI,Piauí,Teresina,Nordeste,-5.0892,-42.8019,extreme_rain_days_ge_50mm,0.0,0.0,0.0,theilslopes,46,1981,2026
PI,Piauí,Teresina,Nordeste,-5.0892,-42.8019,dry_days_lt_1mm,0.8,8.0,-1390.3000000000002,theilslopes,46,1981,2026
PI,Piauí,Teresina,Nordeste,-5.0892,-42.8019,longest_dry_spell_days,0.0,0.0,48.0,theilslopes,46,1981,2026
PI,Piauí,Teresina,Nordeste,-5.0892,-42.8019,max_1day_precip_mm,0.005833333333333357,0.05833333333333357,29.502916666666618,theilslopes,46,1981,2026
PI,Piauí,Teresina,Nordeste,-5.0892,-42.8019,max_5day_precip_mm,-0.5196774193548396,-5.1967741935483955,1157.9787096774212,theilslopes,46,1981,2026
PI,Piauí,Teresina,Nordeste,-5.0892,-42.8019,rainfall_concentration,0.0003859911118278671,0.003859911118278671,-0.6837767622851364,theilslopes,46,1981,2026
PI,Piauí,Teresina,Nordeste,-5.0892,-42.8019,mean_t2m_c,0.04441256830601089,0.4441256830601089,-61.056512107942126,theilslopes,46,1981,2026
PI,Piauí,Teresina,Nordeste,-5.0892,-42.8019,mean_t2m_max_c,0.05241095890410858,0.5241095890410858,-71.86883561643634,theilslopes,46,1981,2026
PI,Piauí,Teresina,Nordeste,-5.0892,-42.8019,mean_t2m_min_c,0.034176392587126916,0.34176392587126914,-45.235662822281384,theilslopes,46,1981,2026
PI,Piauí,Teresina,Nordeste,-5.0892,-42.8019,mean_t2m_range_c,0.016294398907103824,0.16294398907103824,-22.74122547065648,theilslopes,46,1981,2026
PI,Piauí,Teresina,Nordeste,-5.0892,-42.8019,mean_rh2m_pct,-0.18998412555829985,-1.8998412555829987,447.712318843725,theilslopes,46,1981,2026
PI,Piauí,Teresina,Nordeste,-5.0892,-42.8019,mean_solar_kwh_m2_day,0.011199691729783917,0.11199691729783917,-1.5964778086277107,theilslopes,43,1984,2026
PI,Piauí,Teresina,Nordeste,-5.0892,-42.8019,mean_ws10m_m_s,0.0003136986301369715,0.0031369863013697152,1.520696575342495,theilslopes,46,1981,2026
PI,Piauí,Teresina,Nordeste,-5.0892,-42.8019,mean_ws50m_m_s,-0.0013595890410957878,-0.013595890410957878,6.360676369862809,theilslopes,46,1981,2026
PI,Piauí,Teresina,Nordeste,-5.0892,-42.8019,mean_vpd_kpa,0.011305478808203573,0.11305478808203573,-21.32289367484712,theilslopes,46,1981,2026
PR,Paraná,Curitiba,Sul,-25.4284,-49.2733,annual_precip_mm,-9.978461538461548,-99.78461538461548,21671.867692307715,theilslopes,46,1981,2026
PR,Paraná,Curitiba,Sul,-25.4284,-49.2733,rainy_days_ge_1mm,-0.9523809523809523,-9.523809523809524,2111.595238095238,theilslopes,46,1981,2026
PR,Paraná,Curitiba,Sul,-25.4284,-49.2733,heavy_rain_days_ge_20mm,-0.17073170731707318,-1.707317073170732,360.0609756097561,theilslopes,46,1981,2026
PR,Paraná,Curitiba,Sul,-25.4284,-49.2733,extreme_rain_days_ge_50mm,0.0,0.0,1.0,theilslopes,46,1981,2026
PR,Paraná,Curitiba,Sul,-25.4284,-49.2733,dry_days_lt_1mm,0.7777777777777778,7.777777777777778,-1398.2777777777778,theilslopes,46,1981,2026
PR,Paraná,Curitiba,Sul,-25.4284,-49.2733,longest_dry_spell_days,0.125,1.25,-233.9375,theilslopes,46,1981,2026
PR,Paraná,Curitiba,Sul,-25.4284,-49.2733,max_1day_precip_mm,-0.045833333333333094,-0.45833333333333093,145.14708333333286,theilslopes,46,1981,2026
PR,Paraná,Curitiba,Sul,-25.4284,-49.2733,max_5day_precip_mm,-0.4076923076923086,-4.0769230769230855,929.7315384615401,theilslopes,46,1981,2026
PR,Paraná,Curitiba,Sul,-25.4284,-49.2733,rainfall_concentration,0.0002180541008652896,0.002180541008652896,-0.3659683799203331,theilslopes,46,1981,2026
PR,Paraná,Curitiba,Sul,-25.4284,-49.2733,mean_t2m_c,0.02414155251141577,0.2414155251141577,-30.665668949772183,theilslopes,46,1981,2026
PR,Paraná,Curitiba,Sul,-25.4284,-49.2733,mean_t2m_max_c,0.032814770696842965,0.32814770696842965,-42.35272185824817,theilslopes,46,1981,2026
PR,Paraná,Curitiba,Sul,-25.4284,-49.2733,mean_t2m_min_c,0.022446183953033154,0.22446183953033155,-31.660556505512375,theilslopes,46,1981,2026
PR,Paraná,Curitiba,Sul,-25.4284,-49.2733,mean_t2m_range_c,0.009582016157358644,0.09582016157358644,-9.086237871904316,theilslopes,46,1981,2026
PR,Paraná,Curitiba,Sul,-25.4284,-49.2733,mean_rh2m_pct,-0.05294419499408072,-0.5294419499408072,188.91158066510138,theilslopes,46,1981,2026
PR,Paraná,Curitiba,Sul,-25.4284,-49.2733,mean_solar_kwh_m2_day,0.007620091324201184,0.07620091324201184,0.3456786436105066,theilslopes,43,1984,2026
PR,Paraná,Curitiba,Sul,-25.4284,-49.2733,mean_ws10m_m_s,0.00014611872146123397,0.0014611872146123397,1.7042648401825544,theilslopes,46,1981,2026
PR,Paraná,Curitiba,Sul,-25.4284,-49.2733,mean_ws50m_m_s,0.0001420875924955409,0.001420875924955409,3.035450796106417,theilslopes,46,1981,2026
PR,Paraná,Curitiba,Sul,-25.4284,-49.2733,mean_vpd_kpa,0.001760717474110704,0.01760717474110704,-3.1626458553357004,theilslopes,46,1981,2026
RJ,Rio de Janeiro,Rio de Janeiro,Sudeste,-22.9068,-43.1729,annual_precip_mm,-0.4533333333333303,-4.533333333333303,2368.5083333333273,theilslopes,46,1981,2026
RJ,Rio de Janeiro,Rio de Janeiro,Sudeste,-22.9068,-43.1729,rainy_days_ge_1mm,-1.4827586206896552,-14.827586206896552,3151.206896551724,theilslopes,46,1981,2026
RJ,Rio de Janeiro,Rio de Janeiro,Sudeste,-22.9068,-43.1729,heavy_rain_days_ge_20mm,0.18518518518518517,1.8518518518518516,-356.0185185185185,theilslopes,46,1981,2026
RJ,Rio de Janeiro,Rio de Janeiro,Sudeste,-22.9068,-43.1729,extreme_rain_days_ge_50mm,0.034482758620689655,0.3448275862068966,-68.08620689655173,theilslopes,46,1981,2026
RJ,Rio de Janeiro,Rio de Janeiro,Sudeste,-22.9068,-43.1729,dry_days_lt_1mm,1.2352941176470589,12.352941176470589,-2290.9117647058824,theilslopes,46,1981,2026
RJ,Rio de Janeiro,Rio de Janeiro,Sudeste,-22.9068,-43.1729,longest_dry_spell_days,0.18181818181818182,1.8181818181818183,-344.7727272727273,theilslopes,46,1981,2026
RJ,Rio de Janeiro,Rio de Janeiro,Sudeste,-22.9068,-43.1729,max_1day_precip_mm,0.4070833333333332,4.070833333333332,-757.3464583333331,theilslopes,46,1981,2026
RJ,Rio de Janeiro,Rio de Janeiro,Sudeste,-22.9068,-43.1729,max_5day_precip_mm,0.5349999999999995,5.349999999999994,-952.922499999999,theilslopes,46,1981,2026
RJ,Rio de Janeiro,Rio de Janeiro,Sudeste,-22.9068,-43.1729,rainfall_concentration,0.0004470842264571375,0.004470842264571374,-0.8145881315029166,theilslopes,46,1981,2026
RJ,Rio de Janeiro,Rio de Janeiro,Sudeste,-22.9068,-43.1729,mean_t2m_c,0.020189363416599427,0.20189363416599426,-17.330417002417224,theilslopes,46,1981,2026
RJ,Rio de Janeiro,Rio de Janeiro,Sudeste,-22.9068,-43.1729,mean_t2m_max_c,0.023516438356164748,0.23516438356164748,-20.87444452054867,theilslopes,46,1981,2026
RJ,Rio de Janeiro,Rio de Janeiro,Sudeste,-22.9068,-43.1729,mean_t2m_min_c,0.01900948366701791,0.1900948366701791,-17.2862142404717,theilslopes,46,1981,2026
RJ,Rio de Janeiro,Rio de Janeiro,Sudeste,-22.9068,-43.1729,mean_t2m_range_c,0.0047993553585818395,0.047993553585818395,-4.159097165163045,theilslopes,46,1981,2026
RJ,Rio de Janeiro,Rio de Janeiro,Sudeste,-22.9068,-43.1729,mean_rh2m_pct,-0.03624540420979922,-0.3624540420979922,153.96637966309987,theilslopes,46,1981,2026
RJ,Rio de Janeiro,Rio de Janeiro,Sudeste,-22.9068,-43.1729,mean_solar_kwh_m2_day,-0.003012958163643097,-0.03012958163643097,22.92522769344687,theilslopes,43,1984,2026
RJ,Rio de Janeiro,Rio de Janeiro,Sudeste,-22.9068,-43.1729,mean_ws10m_m_s,-0.0028767123287669616,-0.028767123287669616,9.353972602739402,theilslopes,46,1981,2026
RJ,Rio de Janeiro,Rio de Janeiro,Sudeste,-22.9068,-43.1729,mean_ws50m_m_s,-0.005093878430363011,-0.050938784303630115,14.843900503725443,theilslopes,46,1981,2026
RJ,Rio de Janeiro,Rio de Janeiro,Sudeste,-22.9068,-43.1729,mean_vpd_kpa,0.001811050766795914,0.018110507667959137,-3.093487126942486,theilslopes,46,1981,2026
RN,Rio Grande do Norte,Natal,Nordeste,-5.7945,-35.211,annual_precip_mm,-2.3788235294117577,-23.788235294117577,5909.932941176457,theilslopes,46,1981,2026
RN,Rio Grande do Norte,Natal,Nordeste,-5.7945,-35.211,rainy_days_ge_1mm,-0.2857142857142857,-2.8571428571428568,749.9285714285714,theilslopes,46,1981,2026
RN,Rio Grande do Norte,Natal,Nordeste,-5.7945,-35.211,heavy_rain_days_ge_20mm,0.022727272727272728,0.2272727272727273,-37.534090909090914,theilslopes,46,1981,2026
RN,Rio Grande do Norte,Natal,Nordeste,-5.7945,-35.211,extreme_rain_days_ge_50mm,0.0,0.0,0.0,theilslopes,46,1981,2026
RN,Rio Grande do Norte,Natal,Nordeste,-5.7945,-35.211,dry_days_lt_1mm,0.0,0.0,182.5,theilslopes,46,1981,2026
RN,Rio Grande do Norte,Natal,Nordeste,-5.7945,-35.211,longest_dry_spell_days,-0.06896551724137931,-0.6896551724137931,170.67241379310346,theilslopes,46,1981,2026
RN,Rio Grande do Norte,Natal,Nordeste,-5.7945,-35.211,max_1day_precip_mm,0.579375,5.793749999999999,-1116.3078125,theilslopes,46,1981,2026
RN,Rio Grande do Norte,Natal,Nordeste,-5.7945,-35.211,max_5day_precip_mm,0.3050000000000005,3.050000000000005,-508.082500000001,theilslopes,46,1981,2026
RN,Rio Grande do Norte,Natal,Nordeste,-5.7945,-35.211,rainfall_concentration,0.0003539707482211237,0.0035397074822112367,-0.6185493881512925,theilslopes,46,1981,2026
RN,Rio Grande do Norte,Natal,Nordeste,-5.7945,-35.211,mean_t2m_c,0.020851805728518,0.20851805728518,-14.952618115808775,theilslopes,46,1981,2026
RN,Rio Grande do Norte,Natal,Nordeste,-5.7945,-35.211,mean_t2m_max_c,0.020301369863014024,0.20301369863014024,-12.625273972603395,theilslopes,46,1981,2026
RN,Rio Grande do Norte,Natal,Nordeste,-5.7945,-35.211,mean_t2m_min_c,0.020416438356164513,0.20416438356164512,-15.00615238416075,theilslopes,46,1981,2026
RN,Rio Grande do Norte,Natal,Nordeste,-5.7945,-35.211,mean_t2m_range_c,0.00034246575342469223,0.003424657534246922,1.5070753424656838,theilslopes,46,1981,2026
RN,Rio Grande do Norte,Natal,Nordeste,-5.7945,-35.211,mean_rh2m_pct,0.007055390113161702,0.07055390113161703,63.874684864789245,theilslopes,46,1981,2026
RN,Rio Grande do Norte,Natal,Nordeste,-5.7945,-35.211,mean_solar_kwh_m2_day,0.008228015908086592,0.08228015908086592,4.215595227574056,theilslopes,43,1984,2026
RN,Rio Grande do Norte,Natal,Nordeste,-5.7945,-35.211,mean_ws10m_m_s,-0.001319165606207958,-0.013191656062079579,9.384359250941753,theilslopes,46,1981,2026
RN,Rio Grande do Norte,Natal,Nordeste,-5.7945,-35.211,mean_ws50m_m_s,-0.0014905057763803242,-0.014905057763803242,10.863707775032774,theilslopes,46,1981,2026
RN,Rio Grande do Norte,Natal,Nordeste,-5.7945,-35.211,mean_vpd_kpa,0.0006597850467662558,0.006597850467662558,-0.5385799822344198,theilslopes,46,1981,2026
RO,Rondônia,Porto Velho,Norte,-8.7619,-63.9039,annual_precip_mm,-25.39000000000001,-253.90000000000012,52772.58500000002,theilslopes,46,1981,2026
RO,Rondônia,Porto Velho,Norte,-8.7619,-63.9039,rainy_days_ge_1mm,-1.45,-14.5,3131.075,theilslopes,46,1981,2026
RO,Rondônia,Porto Velho,Norte,-8.7619,-63.9039,heavy_rain_days_ge_20mm,-0.42105263157894735,-4.2105263157894735,862.578947368421,theilslopes,46,1981,2026
RO,Rondônia,Porto Velho,Norte,-8.7619,-63.9039,extreme_rain_days_ge_50mm,0.0,0.0,0.0,theilslopes,46,1981,2026
RO,Rondônia,Porto Velho,Norte,-8.7619,-63.9039,dry_days_lt_1mm,1.1875,11.875,-2241.15625,theilslopes,46,1981,2026
RO,Rondônia,Porto Velho,Norte,-8.7619,-63.9039,longest_dry_spell_days,0.3448275862068966,3.4482758620689657,-661.8620689655173,theilslopes,46,1981,2026
RO,Rondônia,Porto Velho,Norte,-8.7619,-63.9039,max_1day_precip_mm,-0.18333333333333332,-1.8333333333333333,411.5283333333333,theilslopes,46,1981,2026
RO,Rondônia,Porto Velho,Norte,-8.7619,-63.9039,max_5day_precip_mm,-0.34666666666666685,-3.4666666666666686,802.5066666666671,theilslopes,46,1981,2026
RO,Rondônia,Porto Velho,Norte,-8.7619,-63.9039,rainfall_concentration,0.0005556105454348091,0.005556105454348091,-1.0576714836483818,theilslopes,46,1981,2026
RO,Rondônia,Porto Velho,Norte,-8.7619,-63.9039,mean_t2m_c,0.04487348912167586,0.4487348912167586,-63.74422671210818,theilslopes,46,1981,2026
RO,Rondônia,Porto Velho,Norte,-8.7619,-63.9039,mean_t2m_max_c,0.059022831050228125,0.5902283105022812,-88.17288408563478,theilslopes,46,1981,2026
RO,Rondônia,Porto Velho,Norte,-8.7619,-63.9039,mean_t2m_min_c,0.03467525846079608,0.3467525846079608,-46.58511803112299,theilslopes,46,1981,2026
RO,Rondônia,Porto Velho,Norte,-8.7619,-63.9039,mean_t2m_range_c,0.029148577449947314,0.29148577449947316,-51.04289076796398,theilslopes,46,1981,2026
RO,Rondônia,Porto Velho,Norte,-8.7619,-63.9039,mean_rh2m_pct,-0.18490107792499325,-1.8490107792499324,454.6435719178059,theilslopes,46,1981,2026
RO,Rondônia,Porto Velho,Norte,-8.7619,-63.9039,mean_solar_kwh_m2_day,0.007708604229541051,0.07708604229541051,1.7281937252496427,theilslopes,43,1984,2026
RO,Rondônia,Porto Velho,Norte,-8.7619,-63.9039,mean_ws10m_m_s,-0.0010319634703196412,-0.010319634703196412,2.821040534471156,theilslopes,46,1981,2026
RO,Rondônia,Porto Velho,Norte,-8.7619,-63.9039,mean_ws50m_m_s,-0.0007552114353782041,-0.0075521143537820405,3.2774851541217993,theilslopes,46,1981,2026
RO,Rondônia,Porto Velho,Norte,-8.7619,-63.9039,mean_vpd_kpa,0.008718607942360049,0.08718607942360049,-16.903579466966992,theilslopes,46,1981,2026
RR,Roraima,Boa Vista,Norte,2.8235,-60.6758,annual_precip_mm,-5.6019999999999985,-56.01999999999998,12732.856999999996,theilslopes,46,1981,2026
RR,Roraima,Boa Vista,Norte,2.8235,-60.6758,rainy_days_ge_1mm,-0.8863636363636364,-8.863636363636363,1961.8295454545455,theilslopes,46,1981,2026
RR,Roraima,Boa Vista,Norte,2.8235,-60.6758,heavy_rain_days_ge_20mm,0.0,0.0,14.0,theilslopes,46,1981,2026
RR,Roraima,Boa Vista,Norte,2.8235,-60.6758,extreme_rain_days_ge_50mm,0.0,0.0,0.0,theilslopes,46,1981,2026
RR,Roraima,Boa Vista,Norte,2.8235,-60.6758,dry_days_lt_1mm,0.6,6.0,-1027.6,theilslopes,46,1981,2026
RR,Roraima,Boa Vista,Norte,2.8235,-60.6758,longest_dry_spell_days,0.2,2.0,-372.20000000000005,theilslopes,46,1981,2026
RR,Roraima,Boa Vista,Norte,2.8235,-60.6758,max_1day_precip_mm,0.42000000000000015,4.200000000000001,-799.9350000000003,theilslopes,46,1981,2026
RR,Roraima,Boa Vista,Norte,2.8235,-60.6758,max_5day_precip_mm,0.021176470588234426,0.21176470588234425,72.04794117647224,theilslopes,46,1981,2026
RR,Roraima,Boa Vista,Norte,2.8235,-60.6758,rainfall_concentration,0.00034571218979994673,0.0034571218979994674,-0.6226620821335641,theilslopes,46,1981,2026
RR,Roraima,Boa Vista,Norte,2.8235,-60.6758,mean_t2m_c,0.027416539827498546,0.27416539827498543,-27.003886859461836,theilslopes,46,1981,2026
RR,Roraima,Boa Vista,Norte,2.8235,-60.6758,mean_t2m_max_c,0.02717538737929459,0.2717538737929459,-21.61757189909371,theilslopes,46,1981,2026
RR,Roraima,Boa Vista,Norte,2.8235,-60.6758,mean_t2m_min_c,0.026759879539578327,0.26759879539578324,-30.002226876723256,theilslopes,46,1981,2026
RR,Roraima,Boa Vista,Norte,2.8235,-60.6758,mean_t2m_range_c,0.001246575342465972,0.01246575342465972,6.615582191780385,theilslopes,46,1981,2026
RR,Roraima,Boa Vista,Norte,2.8235,-60.6758,mean_rh2m_pct,-0.045053272450532394,-0.45053272450532394,162.29760121765534,theilslopes,46,1981,2026
RR,Roraima,Boa Vista,Norte,2.8235,-60.6758,mean_solar_kwh_m2_day,0.007547945205479475,0.07547945205479475,3.244293360281411,theilslopes,43,1984,2026
RR,Roraima,Boa Vista,Norte,2.8235,-60.6758,mean_ws10m_m_s,0.0022397260273972672,0.022397260273972673,-1.4493732876712473,theilslopes,46,1981,2026
RR,Roraima,Boa Vista,Norte,2.8235,-60.6758,mean_ws50m_m_s,0.0027808219178081677,0.027808219178081676,-1.129267123287569,theilslopes,46,1981,2026
RR,Roraima,Boa Vista,Norte,2.8235,-60.6758,mean_vpd_kpa,0.004203138357763607,0.04203138357763607,-7.274992834275748,theilslopes,46,1981,2026
RS,Rio Grande do Sul,Porto Alegre,Sul,-30.0346,-51.2177,annual_precip_mm,-3.228800000000001,-32.28800000000001,7929.845800000002,theilslopes,46,1981,2026
RS,Rio Grande do Sul,Porto Alegre,Sul,-30.0346,-51.2177,rainy_days_ge_1mm,-1.0,-10.0,2151.5,theilslopes,46,1981,2026
RS,Rio Grande do Sul,Porto Alegre,Sul,-30.0346,-51.2177,heavy_rain_days_ge_20mm,0.0,0.0,19.0,theilslopes,46,1981,2026
RS,Rio Grande do Sul,Porto Alegre,Sul,-30.0346,-51.2177,extreme_rain_days_ge_50mm,0.0,0.0,1.0,theilslopes,46,1981,2026
RS,Rio Grande do Sul,Porto Alegre,Sul,-30.0346,-51.2177,dry_days_lt_1mm,0.8157894736842105,8.157894736842104,-1418.9342105263158,theilslopes,46,1981,2026
RS,Rio Grande do Sul,Porto Alegre,Sul,-30.0346,-51.2177,longest_dry_spell_days,-0.03571428571428571,-0.3571428571428571,85.55357142857143,theilslopes,46,1981,2026
RS,Rio Grande do Sul,Porto Alegre,Sul,-30.0346,-51.2177,max_1day_precip_mm,0.23839999999999975,2.3839999999999977,-419.8493999999995,theilslopes,46,1981,2026
RS,Rio Grande do Sul,Porto Alegre,Sul,-30.0346,-51.2177,max_5day_precip_mm,0.2499999999999858,2.499999999999858,-386.17499999997153,theilslopes,46,1981,2026
RS,Rio Grande do Sul,Porto Alegre,Sul,-30.0346,-51.2177,rainfall_concentration,0.0004155177804794394,0.004155177804794394,-0.7528728572233117,theilslopes,46,1981,2026
RS,Rio Grande do Sul,Porto Alegre,Sul,-30.0346,-51.2177,mean_t2m_c,0.005205479452054692,0.05205479452054692,8.915246575342671,theilslopes,46,1981,2026
RS,Rio Grande do Sul,Porto Alegre,Sul,-30.0346,-51.2177,mean_t2m_max_c,0.010410961399306492,0.10410961399306493,3.7308346221021367,theilslopes,46,1981,2026
RS,Rio Grande do Sul,Porto Alegre,Sul,-30.0346,-51.2177,mean_t2m_min_c,0.007367123287671173,0.07367123287671173,-0.010647945205359832,theilslopes,46,1981,2026
RS,Rio Grande do Sul,Porto Alegre,Sul,-30.0346,-51.2177,mean_t2m_range_c,0.0007479452054794203,0.007479452054794203,8.378149315068557,theilslopes,46,1981,2026
RS,Rio Grande do Sul,Porto Alegre,Sul,-30.0346,-51.2177,mean_rh2m_pct,-0.017288251366119074,-0.17288251366119073,116.2248061325675,theilslopes,46,1981,2026
RS,Rio Grande do Sul,Porto Alegre,Sul,-30.0346,-51.2177,mean_solar_kwh_m2_day,0.010275958779349755,0.10275958779349754,-4.171626119719544,theilslopes,43,1984,2026
RS,Rio Grande do Sul,Porto Alegre,Sul,-30.0346,-51.2177,mean_ws10m_m_s,0.0007009132420091232,0.007009132420091232,2.042323059360749,theilslopes,46,1981,2026
RS,Rio Grande do Sul,Porto Alegre,Sul,-30.0346,-51.2177,mean_ws50m_m_s,-0.0008164203907478296,-0.008164203907478296,6.742698252863277,theilslopes,46,1981,2026
RS,Rio Grande do Sul,Porto Alegre,Sul,-30.0346,-51.2177,mean_vpd_kpa,0.0006090913501746642,0.006090913501746642,-0.7764725092071751,theilslopes,46,1981,2026
SC,Santa Catarina,Florianópolis,Sul,-27.5949,-48.5482,annual_precip_mm,-6.141153846153849,-61.41153846153849,13840.871730769237,theilslopes,46,1981,2026
SC,Santa Catarina,Florianópolis,Sul,-27.5949,-48.5482,rainy_days_ge_1mm,-0.42105263157894735,-4.2105263157894735,1024.078947368421,theilslopes,46,1981,2026
SC,Santa Catarina,Florianópolis,Sul,-27.5949,-48.5482,heavy_rain_days_ge_20mm,-0.058823529411764705,-0.5882352941176471,132.85294117647058,theilslopes,46,1981,2026
SC,Santa Catarina,Florianópolis,Sul,-27.5949,-48.5482,extreme_rain_days_ge_50mm,0.0,0.0,1.0,theilslopes,46,1981,2026
SC,Santa Catarina,Florianópolis,Sul,-27.5949,-48.5482,dry_days_lt_1mm,0.25,2.5,-317.375,theilslopes,46,1981,2026
SC,Santa Catarina,Florianópolis,Sul,-27.5949,-48.5482,longest_dry_spell_days,0.0,0.0,15.0,theilslopes,46,1981,2026
SC,Santa Catarina,Florianópolis,Sul,-27.5949,-48.5482,max_1day_precip_mm,0.06517241379310347,0.6517241379310347,-76.2229310344828,theilslopes,46,1981,2026
SC,Santa Catarina,Florianópolis,Sul,-27.5949,-48.5482,max_5day_precip_mm,-0.2099999999999997,-2.099999999999997,534.1999999999994,theilslopes,46,1981,2026
SC,Santa Catarina,Florianópolis,Sul,-27.5949,-48.5482,rainfall_concentration,0.0001819650349519307,0.001819650349519307,-0.28638068084628365,theilslopes,46,1981,2026
SC,Santa Catarina,Florianópolis,Sul,-27.5949,-48.5482,mean_t2m_c,0.01702155302262662,0.1702155302262662,-13.90248970001052,theilslopes,46,1981,2026
SC,Santa Catarina,Florianópolis,Sul,-27.5949,-48.5482,mean_t2m_max_c,0.017133715674250063,0.17133715674250063,-9.914152778017531,theilslopes,46,1981,2026
SC,Santa Catarina,Florianópolis,Sul,-27.5949,-48.5482,mean_t2m_min_c,0.018312328767123156,0.18312328767123157,-19.840517808218912,theilslopes,46,1981,2026
SC,Santa Catarina,Florianópolis,Sul,-27.5949,-48.5482,mean_t2m_range_c,-0.003309928387853489,-0.03309928387853489,14.098338411058926,theilslopes,46,1981,2026
SC,Santa Catarina,Florianópolis,Sul,-27.5949,-48.5482,mean_rh2m_pct,-0.023505635435570313,-0.23505635435570313,128.2369789513295,theilslopes,46,1981,2026
SC,Santa Catarina,Florianópolis,Sul,-27.5949,-48.5482,mean_solar_kwh_m2_day,0.007125896934116159,0.07125896934116159,1.1995629484669639,theilslopes,43,1984,2026
SC,Santa Catarina,Florianópolis,Sul,-27.5949,-48.5482,mean_ws10m_m_s,0.0026771037181995824,0.026771037181995826,-1.185097847358069,theilslopes,46,1981,2026
SC,Santa Catarina,Florianópolis,Sul,-27.5949,-48.5482,mean_ws50m_m_s,0.0012633181126332123,0.012633181126332122,2.6390233799934495,theilslopes,46,1981,2026
SC,Santa Catarina,Florianópolis,Sul,-27.5949,-48.5482,mean_vpd_kpa,0.0011661494307015656,0.011661494307015656,-1.8788890902419517,theilslopes,46,1981,2026
SE,Sergipe,Aracaju,Nordeste,-10.9472,-37.0731,annual_precip_mm,-11.160666666666673,-111.60666666666673,23441.930666666678,theilslopes,46,1981,2026
SE,Sergipe,Aracaju,Nordeste,-10.9472,-37.0731,rainy_days_ge_1mm,-1.375,-13.75,2942.8125,theilslopes,46,1981,2026
SE,Sergipe,Aracaju,Nordeste,-10.9472,-37.0731,heavy_rain_days_ge_20mm,-0.1,-1.0,207.35000000000002,theilslopes,46,1981,2026
SE,Sergipe,Aracaju,Nordeste,-10.9472,-37.0731,extreme_rain_days_ge_50mm,0.0,0.0,0.0,theilslopes,46,1981,2026
SE,Sergipe,Aracaju,Nordeste,-10.9472,-37.0731,dry_days_lt_1mm,1.2,12.0,-2227.7,theilslopes,46,1981,2026
SE,Sergipe,Aracaju,Nordeste,-10.9472,-37.0731,longest_dry_spell_days,0.1,1.0,-172.85000000000002,theilslopes,46,1981,2026
SE,Sergipe,Aracaju,Nordeste,-10.9472,-37.0731,max_1day_precip_mm,-0.10000000000000142,-1.0000000000000142,242.13500000000283,theilslopes,46,1981,2026
SE,Sergipe,Aracaju,Nordeste,-10.9472,-37.0731,max_5day_precip_mm,-0.6006896551724124,-6.0068965517241235,1314.011724137928,theilslopes,46,1981,2026
SE,Sergipe,Aracaju,Nordeste,-10.9472,-37.0731,rainfall_concentration,0.0004833726778981975,0.004833726778981975,-0.868817151668574,theilslopes,46,1981,2026
SE,Sergipe,Aracaju,Nordeste,-10.9472,-37.0731,mean_t2m_c,0.02255185909980487,0.2255185909980487,-19.02693969822491,theilslopes,46,1981,2026
SE,Sergipe,Aracaju,Nordeste,-10.9472,-37.0731,mean_t2m_max_c,0.02626243691420321,0.2626243691420321,-25.12641313760463,theilslopes,46,1981,2026
SE,Sergipe,Aracaju,Nordeste,-10.9472,-37.0731,mean_t2m_min_c,0.02085678704856778,0.2085678704856778,-16.637815122933624,theilslopes,46,1981,2026
SE,Sergipe,Aracaju,Nordeste,-10.9472,-37.0731,mean_t2m_range_c,0.005459811017637219,0.05459811017637219,-8.587895757397812,theilslopes,46,1981,2026
SE,Sergipe,Aracaju,Nordeste,-10.9472,-37.0731,mean_rh2m_pct,-0.016449961410491345,-0.16449961410491346,110.11468946674134,theilslopes,46,1981,2026
SE,Sergipe,Aracaju,Nordeste,-10.9472,-37.0731,mean_solar_kwh_m2_day,-0.00828995433789966,-0.0828995433789966,36.581440639269644,theilslopes,43,1984,2026
SE,Sergipe,Aracaju,Nordeste,-10.9472,-37.0731,mean_ws10m_m_s,-0.00393708361404288,-0.0393708361404288,13.702888895126705,theilslopes,46,1981,2026
SE,Sergipe,Aracaju,Nordeste,-10.9472,-37.0731,mean_ws50m_m_s,-0.006264087683840178,-0.06264087683840178,19.369330567604713,theilslopes,46,1981,2026
SE,Sergipe,Aracaju,Nordeste,-10.9472,-37.0731,mean_vpd_kpa,0.0016551053171403529,0.01655105317140353,-2.5268524436111943,theilslopes,46,1981,2026
SP,São Paulo,São Paulo,Sudeste,-23.5505,-46.6333,annual_precip_mm,-16.80666666666666,-168.0666666666666,35081.70666666666,theilslopes,46,1981,2026
SP,São Paulo,São Paulo,Sudeste,-23.5505,-46.6333,rainy_days_ge_1mm,-1.75,-17.5,3693.125,theilslopes,46,1981,2026
SP,São Paulo,São Paulo,Sudeste,-23.5505,-46.6333,heavy_rain_days_ge_20mm,-0.25,-2.5,513.875,theilslopes,46,1981,2026
SP,São Paulo,São Paulo,Sudeste,-23.5505,-46.6333,extreme_rain_days_ge_50mm,0.0,0.0,0.0,theilslopes,46,1981,2026
SP,São Paulo,São Paulo,Sudeste,-23.5505,-46.6333,dry_days_lt_1mm,1.5454545454545454,15.454545454545453,-2920.3181818181815,theilslopes,46,1981,2026
SP,São Paulo,São Paulo,Sudeste,-23.5505,-46.6333,longest_dry_spell_days,0.23809523809523808,2.380952380952381,-457.0238095238095,theilslopes,46,1981,2026
SP,São Paulo,São Paulo,Sudeste,-23.5505,-46.6333,max_1day_precip_mm,-0.0645454545454543,-0.645454545454543,169.57681818181766,theilslopes,46,1981,2026
SP,São Paulo,São Paulo,Sudeste,-23.5505,-46.6333,max_5day_precip_mm,-0.8742105263157939,-8.742105263157939,1859.710789473693,theilslopes,46,1981,2026
SP,São Paulo,São Paulo,Sudeste,-23.5505,-46.6333,rainfall_concentration,0.00034134631078195954,0.0034134631078195955,-0.6089302454493374,theilslopes,46,1981,2026
SP,São Paulo,São Paulo,Sudeste,-23.5505,-46.6333,mean_t2m_c,0.0404178082191781,0.404178082191781,-61.6289621416274,theilslopes,46,1981,2026
SP,São Paulo,São Paulo,Sudeste,-23.5505,-46.6333,mean_t2m_max_c,0.06874968866749659,0.6874968866749659,-112.58896299396329,theilslopes,46,1981,2026
SP,São Paulo,São Paulo,Sudeste,-23.5505,-46.6333,mean_t2m_min_c,0.026552303860523017,0.2655230386052302,-38.35554078455787,theilslopes,46,1981,2026
SP,São Paulo,São Paulo,Sudeste,-23.5505,-46.6333,mean_t2m_range_c,0.03657382039573825,0.3657382039573825,-63.01759436834104,theilslopes,46,1981,2026
SP,São Paulo,São Paulo,Sudeste,-23.5505,-46.6333,mean_rh2m_pct,-0.16111232876712384,-1.6111232876712385,404.3436054794531,theilslopes,46,1981,2026
SP,São Paulo,São Paulo,Sudeste,-23.5505,-46.6333,mean_solar_kwh_m2_day,0.0027870649000673116,0.027870649000673115,10.611907478104765,theilslopes,43,1984,2026
SP,São Paulo,São Paulo,Sudeste,-23.5505,-46.6333,mean_ws10m_m_s,-0.0010619956583576063,-0.010619956583576062,5.6479012800358195,theilslopes,46,1981,2026
SP,São Paulo,São Paulo,Sudeste,-23.5505,-46.6333,mean_ws50m_m_s,-0.003395547945205468,-0.03395547945205468,11.808133650535197,theilslopes,46,1981,2026
SP,São Paulo,São Paulo,Sudeste,-23.5505,-46.6333,mean_vpd_kpa,0.005015809735189692,0.05015809735189691,-9.622392810015194,theilslopes,46,1981,2026
TO,Tocantins,Palmas,Norte,-10.2491,-48.3243,annual_precip_mm,-14.456666666666669,-144.5666666666667,30588.57166666667,theilslopes,46,1981,2026
TO,Tocantins,Palmas,Norte,-10.2491,-48.3243,rainy_days_ge_1mm,-1.2580645161290323,-12.580645161290322,2708.032258064516,theilslopes,46,1981,2026
TO,Tocantins,Palmas,Norte,-10.2491,-48.3243,heavy_rain_days_ge_20mm,-0.15,-1.5,314.525,theilslopes,46,1981,2026
TO,Tocantins,Palmas,Norte,-10.2491,-48.3243,extreme_rain_days_ge_50mm,0.0,0.0,0.0,theilslopes,46,1981,2026
TO,Tocantins,Palmas,Norte,-10.2491,-48.3243,dry_days_lt_1mm,1.1111111111111112,11.11111111111111,-2050.1111111111113,theilslopes,46,1981,2026
TO,Tocantins,Palmas,Norte,-10.2491,-48.3243,longest_dry_spell_days,0.6666666666666666,6.666666666666666,-1243.1666666666665,theilslopes,46,1981,2026
TO,Tocantins,Palmas,Norte,-10.2491,-48.3243,max_1day_precip_mm,0.18333333333333357,1.8333333333333357,-324.0133333333338,theilslopes,46,1981,2026
TO,Tocantins,Palmas,Norte,-10.2491,-48.3243,max_5day_precip_mm,-0.5168181818181814,-5.168181818181814,1143.8452272727266,theilslopes,46,1981,2026
TO,Tocantins,Palmas,Norte,-10.2491,-48.3243,rainfall_concentration,0.0004226179219341876,0.004226179219341876,-0.7776188427688628,theilslopes,46,1981,2026
TO,Tocantins,Palmas,Norte,-10.2491,-48.3243,mean_t2m_c,0.05299835616438344,0.5299835616438344,-80.25047792798838,theilslopes,46,1981,2026
TO,Tocantins,Palmas,Norte,-10.2491,-48.3243,mean_t2m_max_c,0.06853738284571438,0.6853738284571438,-106.08572468095088,theilslopes,46,1981,2026
TO,Tocantins,Palmas,Norte,-10.2491,-48.3243,mean_t2m_min_c,0.040933789954337975,0.40933789954337974,-60.86902633056382,theilslopes,46,1981,2026
TO,Tocantins,Palmas,Norte,-10.2491,-48.3243,mean_t2m_range_c,0.0311147260273974,0.311147260273974,-52.28573839265691,theilslopes,46,1981,2026
TO,Tocantins,Palmas,Norte,-10.2491,-48.3243,mean_rh2m_pct,-0.2558696582607889,-2.558696582607889,583.9913537298538,theilslopes,46,1981,2026
TO,Tocantins,Palmas,Norte,-10.2491,-48.3243,mean_solar_kwh_m2_day,0.024653319283456036,0.24653319283456038,-29.921028451000584,theilslopes,43,1984,2026
TO,Tocantins,Palmas,Norte,-10.2491,-48.3243,mean_ws10m_m_s,0.003538772322738194,0.03538772322738194,-4.456820759564877,theilslopes,46,1981,2026
TO,Tocantins,Palmas,Norte,-10.2491,-48.3243,mean_ws50m_m_s,0.006090621707060087,0.06090621707060087,-8.276109583282995,theilslopes,46,1981,2026
TO,Tocantins,Palmas,Norte,-10.2491,-48.3243,mean_vpd_kpa,0.012751192670673015,0.12751192670673014,-24.538573770923747,theilslopes,46,1981,2026
